"OptionSet","Exploit","Seconds","Filter","All","NoDispute","DisputeArises","LitigQuality","PFiles","DAnswers","PBargains1","DBargains1","POffer1","DOffer1","POfferMixedness1","DOfferMixedness1","Settles1","PBet1","DBet1","PBetMixedness1","DBetMixedness1","PAbandons1","DDefaults1","Trial","PWinPct","PWealth","DWealth","PWelfare","DWelfare","TotExpense","False+","False-","False+-","False+^2","False-^2","PDSWelfare","Chips","Settles","ValIfSettled","PAbandons","DDefaults","BothReadyToGiveUp","TrulyLiable","PrimaryAction","MutualOptimism","P Files","D Answers","PDoesntFile","DDoesntAnswer","SettlesBR1","PAbandonsBR1","DDefaultsBR1","P Loses","P Wins"
"FSA Costs Multiplier 0.5 Fee Shifting Multiplier 2 Moderately Risk Averse Noise 0.5,2","-1.1369999999999999E-13","1718","All",1,0,1,0.500004,1,1,1,1,0.73498,0.675225,,,0.72912,,,,,0.118192,0.0960499,0.056639,0.676171,10.6352,9.20633,1000.11,999.08,0.158496,0.333848,0.105031,0.43888,0.268459,0.0467057,0,0,0.72912,0.787375,0.118192,0.0960499,0,0.500004,0,1.79226E-05,1,1,0,0,0.72912,0.118192,0.0960499,0.0183412,0.0382974
"FSA Costs Multiplier 0.5 Fee Shifting Multiplier 2 Moderately Risk Averse Noise 0.5,2","-1.1369999999999999E-13","1718","NoDispute",0,0,0,,,,,,,,,,,,,,,,,,,,,,,,,,,,,,,,,,,,,,,,,,,,,,,
"FSA Costs Multiplier 0.5 Fee Shifting Multiplier 2 Moderately Risk Averse Noise 0.5,2","-1.1369999999999999E-13","1718","DisputeArises",1,0,1,0.500004,1,1,1,1,0.73498,0.675225,,,0.72912,,,,,0.118192,0.0960499,0.056639,0.676171,10.6352,9.20633,1000.11,999.08,0.158496,0.333848,0.105031,0.43888,0.268459,0.0467057,0,0,0.72912,0.787375,0.118192,0.0960499,0,0.500004,0,1.79226E-05,1,1,0,0,0.72912,0.118192,0.0960499,0.0183412,0.0382974
"FSA Costs Multiplier 0.5 Fee Shifting Multiplier 2 Moderately Risk Averse Noise 0.5,2","-1.1369999999999999E-13","1718","PFiles",1,0,1,0.500004,1,1,1,1,0.73498,0.675225,,,0.72912,,,,,0.118192,0.0960499,0.056639,0.676171,10.6352,9.20633,1000.11,999.08,0.158496,0.333848,0.105031,0.43888,0.268459,0.0467057,0,0,0.72912,0.787375,0.118192,0.0960499,0,0.500004,0,1.79226E-05,1,1,0,0,0.72912,0.118192,0.0960499,0.0183412,0.0382974
"FSA Costs Multiplier 0.5 Fee Shifting Multiplier 2 Moderately Risk Averse Noise 0.5,2","-1.1369999999999999E-13","1718","DAnswers",1,0,1,0.500004,1,1,1,1,0.73498,0.675225,,,0.72912,,,,,0.118192,0.0960499,0.056639,0.676171,10.6352,9.20633,1000.11,999.08,0.158496,0.333848,0.105031,0.43888,0.268459,0.0467057,0,0,0.72912,0.787375,0.118192,0.0960499,0,0.500004,0,1.79226E-05,1,1,0,0,0.72912,0.118192,0.0960499,0.0183412,0.0382974
"FSA Costs Multiplier 0.5 Fee Shifting Multiplier 2 Moderately Risk Averse Noise 0.5,2","-1.1369999999999999E-13","1718","Litigated",1,0,1,0.500004,1,1,1,1,0.73498,0.675225,,,0.72912,,,,,0.118192,0.0960499,0.056639,0.676171,10.6352,9.20633,1000.11,999.08,0.158496,0.333848,0.105031,0.43888,0.268459,0.0467057,0,0,0.72912,0.787375,0.118192,0.0960499,0,0.500004,0,1.79226E-05,1,1,0,0,0.72912,0.118192,0.0960499,0.0183412,0.0382974
"FSA Costs Multiplier 0.5 Fee Shifting Multiplier 2 Moderately Risk Averse Noise 0.5,2","-1.1369999999999999E-13","1718","Not Litigated",0,0,0,,,,,,,,,,,,,,,,,,,,,,,,,,,,,,,,,,,,,,,,,,,,,,,
"FSA Costs Multiplier 0.5 Fee Shifting Multiplier 2 Moderately Risk Averse Noise 0.5,2","-1.1369999999999999E-13","1718","Settles",0.7291,0,0.72912,0.523453,1,1,1,1,0.738513,0.836238,,,1,,,,,0,0,0,,10.7124,9.13762,1000.14,999.096,0.15,0.361893,0.106343,0.468236,0.287742,0.0252823,0,0,1,0.787375,0,0,0,0.527675,0,-0.524279,1,1,0,0,1,0,0,0,0
"FSA Costs Multiplier 0.5 Fee Shifting Multiplier 2 Moderately Risk Averse Noise 0.5,2","-1.1369999999999999E-13","1718","Tried",0.0566,0,0.0566385,0.609511,1,1,1,1,0.9,0.1,,,0,,,,,0,0,1,0.676171,10.6319,9.06813,1000.03,997.849,0.3,0.459262,0.1771,0.636362,0.431397,0.256795,0,0,0,,0,0,0,0.643324,0,2.71652,1,1,0,0,0,0,0,0.323829,0.676171
"FSA Costs Multiplier 0.5 Fee Shifting Multiplier 2 Moderately Risk Averse Noise 0.5,2","-1.1369999999999999E-13","1718","PWins",0.0383,0,0.0382974,0.697941,1,1,1,1,0.9,0.1,,,0,,,,,0,0,1,1,11.15,8.55,1000.17,996.796,0.3,0.67921,0,0.67921,0.637999,0,0,0,0,,0,0,0,0.77079,0,2.99436,1,1,0,0,0,0,0,0,1
"FSA Costs Multiplier 0.5 Fee Shifting Multiplier 2 Moderately Risk Averse Noise 0.5,2","-1.1369999999999999E-13","1718","DWins",0.0183,0,0.0183412,0.424865,1,1,1,1,0.9,0.1,,,0,,,,,0,0,1,0,9.55,10.15,999.728,1000.05,0.3,0,0.546894,0.546894,0,0.792996,0,0,0,,0,0,0,0.377168,0,2.13637,1,1,0,0,0,0,0,1,0
"FSA Costs Multiplier 0.5 Fee Shifting Multiplier 2 Moderately Risk Averse Noise 0.5,2","-1.1369999999999999E-13","1718","Abandoned",0.2142,0,0.214242,0.391249,1,1,1,1,0.67933,0.27933,,,0,,,,,0.551675,0.448325,0,,10.3733,9.47668,1000.05,999.349,0.15,0.205252,0.0815128,0.286764,0.159761,0.0640741,0,0,0,,0.551675,0.448325,0,0.367946,0,1.06618,1,1,0,0,0,0.551675,0.448325,0,0
"FSA Costs Multiplier 0.5 Fee Shifting Multiplier 2 Moderately Risk Averse Noise 0.5,2","-1.1369999999999999E-13","1718","Rounds1",1,0,1,0.500004,1,1,1,1,0.73498,0.675225,,,0.72912,,,,,0.118192,0.0960499,0.056639,0.676171,10.6352,9.20633,1000.11,999.08,0.158496,0.333848,0.105031,0.43888,0.268459,0.0467057,0,0,0.72912,0.787375,0.118192,0.0960499,0,0.500004,0,1.79226E-05,1,1,0,0,0.72912,0.118192,0.0960499,0.0183412,0.0382974
"FSA Costs Multiplier 0.5 Fee Shifting Multiplier 2 Moderately Risk Averse Noise 0.5,2","-1.1369999999999999E-13","1718","PrePrimary1",0,0,0,,,,,,,,,,,,,,,,,,,,,,,,,,,,,,,,,,,,,,,,,,,,,,,
"FSA Costs Multiplier 0.5 Fee Shifting Multiplier 2 Moderately Risk Averse Noise 0.5,2","-1.1369999999999999E-13","1718","PrePrimary2",0,0,0,,,,,,,,,,,,,,,,,,,,,,,,,,,,,,,,,,,,,,,,,,,,,,,
"FSA Costs Multiplier 0.5 Fee Shifting Multiplier 2 Moderately Risk Averse Noise 0.5,2","-1.1369999999999999E-13","1718","PrePrimary3",0,0,0,,,,,,,,,,,,,,,,,,,,,,,,,,,,,,,,,,,,,,,,,,,,,,,
"FSA Costs Multiplier 0.5 Fee Shifting Multiplier 2 Moderately Risk Averse Noise 0.5,2","-1.1369999999999999E-13","1718","PrePrimary4",0,0,0,,,,,,,,,,,,,,,,,,,,,,,,,,,,,,,,,,,,,,,,,,,,,,,
"FSA Costs Multiplier 0.5 Fee Shifting Multiplier 2 Moderately Risk Averse Noise 0.5,2","-1.1369999999999999E-13","1718","PrePrimary5",0,0,0,,,,,,,,,,,,,,,,,,,,,,,,,,,,,,,,,,,,,,,,,,,,,,,
"FSA Costs Multiplier 0.5 Fee Shifting Multiplier 2 Moderately Risk Averse Noise 0.5,2","-1.1369999999999999E-13","1718","PrePrimary6",0,0,0,,,,,,,,,,,,,,,,,,,,,,,,,,,,,,,,,,,,,,,,,,,,,,,
"FSA Costs Multiplier 0.5 Fee Shifting Multiplier 2 Moderately Risk Averse Noise 0.5,2","-1.1369999999999999E-13","1718","PrePrimary7",0,0,0,,,,,,,,,,,,,,,,,,,,,,,,,,,,,,,,,,,,,,,,,,,,,,,
"FSA Costs Multiplier 0.5 Fee Shifting Multiplier 2 Moderately Risk Averse Noise 0.5,2","-1.1369999999999999E-13","1718","PrePrimary8",0,0,0,,,,,,,,,,,,,,,,,,,,,,,,,,,,,,,,,,,,,,,,,,,,,,,
"FSA Costs Multiplier 0.5 Fee Shifting Multiplier 2 Moderately Risk Averse Noise 0.5,2","-1.1369999999999999E-13","1718","PrePrimary9",0,0,0,,,,,,,,,,,,,,,,,,,,,,,,,,,,,,,,,,,,,,,,,,,,,,,
"FSA Costs Multiplier 0.5 Fee Shifting Multiplier 2 Moderately Risk Averse Noise 0.5,2","-1.1369999999999999E-13","1718","PrePrimary10",0,0,0,,,,,,,,,,,,,,,,,,,,,,,,,,,,,,,,,,,,,,,,,,,,,,,
"FSA Costs Multiplier 0.5 Fee Shifting Multiplier 2 Moderately Risk Averse Noise 0.5,2","-1.1369999999999999E-13","1718","Truly Liable",0.5,0,0.500004,0.716729,1,1,1,1,0.860298,0.759028,,,0.769469,,,,,0.0231023,0.134555,0.072873,0.810146,10.7988,9.04027,1000.14,998.795,0.160931,0.0366587,0.21006,0.246719,0.0127121,0.0934105,0,0,0.769469,0.873468,0.0231023,0.134555,0,1,0,0.584825,1,1,0,0,0.769469,0.0231023,0.134555,0.0138353,0.0590379
"FSA Costs Multiplier 0.5 Fee Shifting Multiplier 2 Moderately Risk Averse Noise 0.5,2","-1.1369999999999999E-13","1718","Truly Not Liable",0.5,0,0.499996,0.283275,1,1,1,1,0.60966,0.591421,,,0.688769,,,,,0.213283,0.0575438,0.040404,0.434527,10.4716,9.37238,1000.09,999.364,0.156061,0.631043,0,0.631043,0.524211,0,0,0,0.688769,0.691194,0.213283,0.0575438,0,0,0,-0.5848,1,1,0,0,0.688769,0.213283,0.0575438,0.0228471,0.0175564
"FSA Costs Multiplier 0.5 Fee Shifting Multiplier 2 Moderately Risk Averse Noise 0.5,2","-1.1369999999999999E-13","1718","AllCount",280,0,280,0.500004,280,280,280,280,0.73498,0.675225,,,204.154,,,,,33.0937,26.894,15.8588,40.5703,10.6352,9.20633,1000.11,999.08,0.158496,0.333848,0.105031,0.43888,0.268459,0.0467057,0,0,204.154,0.787375,33.0937,26.894,0,140.001,0,1.79226E-05,280,280,0,0,204.154,33.0937,26.894,5.13553,10.7233
"FSA Costs Multiplier 0.5 Fee Shifting Multiplier 2 Moderately Risk Averse Noise 0.5,2","-1.1369999999999999E-13","1718","Liability Strength1",0.2261,0,0.226109,0.1,1,1,1,1,0.500642,0.511587,,,0.662917,,,,,0.336065,0.000477854,0.00054,3.76612E-5,10.33,9.51995,1000.07,999.616,0.150081,0.460941,0.0267784,0.487719,0.30772,0.0215478,0,0,0.662917,0.610469,0.336065,0.000477854,0,0.0399657,0,-1.04554,1,1,0,0,0.662917,0.336065,0.000477854,0.00054007,2.034E-08
"FSA Costs Multiplier 0.5 Fee Shifting Multiplier 2 Moderately Risk Averse Noise 0.5,2","-1.1369999999999999E-13","1718","Liability Strength2",0.1902,0,0.190218,0.3,1,1,1,1,0.563548,0.601769,,,0.719045,,,,,0.200346,0.0427682,0.037841,0.0227808,10.4287,9.41567,1000.08,999.466,0.155676,0.490508,0.0968589,0.587367,0.37421,0.07543,0,0,0.719045,0.658786,0.200346,0.0427682,0,0.169489,0,-0.595585,1,1,0,0,0.719045,0.200346,0.0427682,0.0369787,0.000862
"FSA Costs Multiplier 0.5 Fee Shifting Multiplier 2 Moderately Risk Averse Noise 0.5,2","-1.1369999999999999E-13","1718","Liability Strength3",0.1673,0,0.167336,0.5,1,1,1,1,0.836538,0.688707,,,0.66029,,,,,0.0243355,0.186322,0.129053,0.5,10.7265,9.1041,1000.12,998.858,0.169358,0.474294,0.14157,0.615863,0.468213,0.103255,0,0,0.66029,0.848673,0.0243355,0.186322,0,0.5,0,-1.30481E-05,1,1,0,0,0.66029,0.0243355,0.186322,0.0645263,0.0645263
"FSA Costs Multiplier 0.5 Fee Shifting Multiplier 2 Moderately Risk Averse Noise 0.5,2","-1.1369999999999999E-13","1718","Liability Strength4",0.1902,0,0.19022,0.7,1,1,1,1,0.899459,0.762453,,,0.745802,,,,,0.000120908,0.164751,0.089326,0.977219,10.8669,8.96975,1000.15,998.649,0.163399,0.217553,0.121456,0.33901,0.198907,0.0235556,0,0,0.745802,0.89961,0.000120908,0.164751,0,0.830511,0,0.595594,1,1,0,0,0.745802,0.000120908,0.164751,0.00203492,0.0872911
"FSA Costs Multiplier 0.5 Fee Shifting Multiplier 2 Moderately Risk Averse Noise 0.5,2","-1.1369999999999999E-13","1718","Liability Strength5",0.2261,0,0.226117,0.9,1,1,1,1,0.9,0.817295,,,0.840698,,,,,1.61948E-08,0.111841,0.047461,0.999962,10.8516,8.99127,1000.15,998.744,0.157119,0.0688703,0.149298,0.218168,0.0509238,0.025325,0,0,0.840698,0.9,1.61948E-08,0.111841,0,0.960034,0,1.04558,1,1,0,0,0.840698,1.61948E-08,0.111841,1.78743E-6,0.047459
"FSA Costs Multiplier 0.5 Fee Shifting Multiplier 2 Moderately Risk Averse Noise 0.5,2","-1.1369999999999999E-13","1718","PLiabilitySignal1",0.2137,0,0.21366,0.12847,1,1,1,1,0.5,0.52442,,,0.67739,,,,,0.32261,0,0,,10.3404,9.50957,1000.07,999.606,0.15,0.460453,0.0374345,0.497887,0.308968,0.0289767,0,0,0.67739,0.613276,0.32261,0,0,0.0586162,0,-1.28736,1,1,0,0,0.67739,0.32261,0,0,0
"FSA Costs Multiplier 0.5 Fee Shifting Multiplier 2 Moderately Risk Averse Noise 0.5,2","-1.1369999999999999E-13","1718","PLiabilitySignal2",0.1989,0,0.19889,0.284476,1,1,1,1,0.5,0.594316,,,0.75231,,,,,0.24769,0,0,,10.3979,9.45215,1000.09,999.549,0.15,0.440359,0.107047,0.547406,0.30486,0.0752933,0,0,0.75231,0.628532,0.24769,0,0,0.186556,0,-0.57544,1,1,0,0,0.75231,0.24769,0,0,0
"FSA Costs Multiplier 0.5 Fee Shifting Multiplier 2 Moderately Risk Averse Noise 0.5,2","-1.1369999999999999E-13","1718","PLiabilitySignal3",0.1749,0,0.17489,0.5,1,1,1,1,0.9,0.686348,,,0.62299,,,,,0,0.21989,0.15712,0.420692,10.7524,9.07401,1000.11,998.781,0.173568,0.479922,0.111469,0.59139,0.484005,0.0781186,0,0,0.62299,0.9,0,0.21989,0,0.500001,0,-2E-05,1,1,0,0,0.62299,0,0.21989,0.0910209,0.0660991
"FSA Costs Multiplier 0.5 Fee Shifting Multiplier 2 Moderately Risk Averse Noise 0.5,2","-1.1369999999999999E-13","1718","PLiabilitySignal4",0.1989,0,0.19889,0.715524,1,1,1,1,0.9,0.76414,,,0.74953,,,,,0,0.16129,0.08918,0.867858,10.8513,8.98537,1000.15,998.681,0.163377,0.224638,0.126699,0.351337,0.209864,0.0327427,0,0,0.74953,0.9,0,0.16129,0,0.813444,0,0.57544,1,1,0,0,0.74953,0,0.16129,0.0117844,0.0773956
"FSA Costs Multiplier 0.5 Fee Shifting Multiplier 2 Moderately Risk Averse Noise 0.5,2","-1.1369999999999999E-13","1718","PLiabilitySignal5",0.2137,0,0.21367,0.871529,1,1,1,1,0.9,0.809468,,,0.82713,,,,,0,0.11941,0.05346,0.993109,10.8537,8.98825,1000.15,998.731,0.158019,0.0902016,0.14531,0.235511,0.0721878,0.0251091,0,0,0.82713,0.9,0,0.11941,0,0.941384,0,1.2874,1,1,0,0,0.82713,0,0.11941,0.00036841,0.0530916
"FSA Costs Multiplier 0.5 Fee Shifting Multiplier 2 Moderately Risk Averse Noise 0.5,2","-1.1369999999999999E-13","1718","DLiabilitySignal1",0.1748,0,0.17483,0.318054,1,1,1,1,0.629585,0.1,,,0,,,,,0.676037,0,0.323963,0.676171,10.154,9.6474,999.988,999.283,0.198594,0.194531,0.1284,0.322932,0.143187,0.159545,0,0,0,,0.676037,0,0,0.274484,0,1.16183,1,1,0,0,0,0.676037,0,0.104908,0.219054
"FSA Costs Multiplier 0.5 Fee Shifting Multiplier 2 Moderately Risk Averse Noise 0.5,2","-1.1369999999999999E-13","1718","DLiabilitySignal2",0.2123,0,0.212276,0.402082,1,1,1,1,0.680991,0.5,,,0.547523,,,,,0,0.452477,0,,10.6512,9.19876,1000.13,999.139,0.15,0.44919,0.0588814,0.508071,0.319251,0.0219716,0,0,0.547523,0.5,0,0.452477,0,0.378,0,0.548339,1,1,0,0,0.547523,0,0.452477,0,0
"FSA Costs Multiplier 0.5 Fee Shifting Multiplier 2 Moderately Risk Averse Noise 0.5,2","-1.1369999999999999E-13","1718","DLiabilitySignal3",0.2258,0,0.225786,0.500003,1,1,1,1,0.738107,0.9,,,1,,,,,0,0,0,,10.7441,9.10595,1000.14,999.05,0.15,0.416908,0.097859,0.514767,0.351779,0.0210097,0,0,1,0.819053,0,0,0,0.500004,0,1.86726E-05,1,1,0,0,1,0,0,0,0
"FSA Costs Multiplier 0.5 Fee Shifting Multiplier 2 Moderately Risk Averse Noise 0.5,2","-1.1369999999999999E-13","1718","DLiabilitySignal4",0.2123,0,0.212278,0.597924,1,1,1,1,0.791478,0.9,,,1,,,,,0,0,0,,10.7707,9.07926,1000.15,998.993,0.15,0.322271,0.116841,0.439112,0.278354,0.0234433,0,0,1,0.845739,0,0,0,0.622007,0,-0.548304,1,1,0,0,1,0,0,0,0
"FSA Costs Multiplier 0.5 Fee Shifting Multiplier 2 Moderately Risk Averse Noise 0.5,2","-1.1369999999999999E-13","1718","DLiabilitySignal5",0.1748,0,0.174831,0.681953,1,1,1,1,0.833291,0.9,,,1,,,,,0,0,0,,10.7916,9.05835,1000.15,998.947,0.15,0.23991,0.132619,0.372529,0.212443,0.0253279,0,0,1,0.866645,0,0,0,0.725526,0,-1.16178,1,1,0,0,1,0,0,0,0
"FSA Costs Multiplier 0.5 Fee Shifting Multiplier 2 Moderately Risk Averse Noise 0.5,2","-1.1369999999999999E-13","1718","MutOptLiability5",0,0,0,,,,,,,,,,,,,,,,,,,,,,,,,,,,,,,,,,,,,,,,,,,,,,,
"FSA Costs Multiplier 0.5 Fee Shifting Multiplier 2 Moderately Risk Averse Noise 0.5,2","-1.1369999999999999E-13","1718","MutOptLiability4",0.0114,0,0.0114228,0.85186,1,1,1,1,0.9,0.1,,,0,,,,,0,0,1,0.993109,11.139,8.56103,1000.16,996.818,0.3,0.516985,0.0075765,0.524561,0.334268,0.0109859,0,0,0,,0,0,0,0.928248,0,4,1,1,0,0,0,0,0,0.00689138,0.993109
"FSA Costs Multiplier 0.5 Fee Shifting Multiplier 2 Moderately Risk Averse Noise 0.5,2","-1.1369999999999999E-13","1718","MutOptLiability3",0.0433,0,0.0432513,0.7847,1,1,1,1,0.9,0.335963,,,0,,,,,0,0.589908,0.410092,0.867858,10.9306,8.85792,1000.14,998.027,0.211514,0.313073,0.0828864,0.39596,0.252685,0.0633638,0,0,0,,0,0.589908,0,0.865798,0,3,1,1,0,0,0,0,0.589908,0.0541903,0.355901
"FSA Costs Multiplier 0.5 Fee Shifting Multiplier 2 Moderately Risk Averse Noise 0.5,2","-1.1369999999999999E-13","1718","MutOptLiability2",0.1046,0,0.104599,0.708425,1,1,1,1,0.9,0.567163,,,0.430611,,,,,0,0.306684,0.262705,0.420692,10.6975,9.11305,1000.09,998.735,0.189406,0.210777,0.166766,0.377543,0.213934,0.126672,0,0,0.430611,0.9,0,0.306684,0,0.762825,0,2,1,1,0,0,0.430611,0,0.306684,0.152187,0.110518
"FSA Costs Multiplier 0.5 Fee Shifting Multiplier 2 Moderately Risk Averse Noise 0.5,2","-1.1369999999999999E-13","1718","MutOptLiability1",0.1968,0,0.196824,0.604704,1,1,1,1,0.799884,0.621614,,,0.554325,,,,,0.25029,0.195385,0,,10.6193,9.23072,1000.11,999.092,0.15,0.195544,0.135705,0.331249,0.181308,0.0616734,0,0,0.554325,0.9,0.25029,0.195385,0,0.622923,0,1,1,1,0,0,0.554325,0.25029,0.195385,0,0
"FSA Costs Multiplier 0.5 Fee Shifting Multiplier 2 Moderately Risk Averse Noise 0.5,2","-1.1369999999999999E-13","1718","MutOptLiability0",0.2878,0,0.287812,0.500001,1,1,1,1,0.729894,0.634097,,,0.760507,,,,,0.239493,0,0,,10.5351,9.31485,1000.1,999.272,0.15,0.222245,0.1121,0.334345,0.166163,0.0395397,0,0,0.760507,0.80229,0.239493,0,0,0.500002,0,0,1,1,0,0,0.760507,0.239493,0,0,0
"FSA Costs Multiplier 0.5 Fee Shifting Multiplier 2 Moderately Risk Averse Noise 0.5,2","-1.1369999999999999E-13","1718","MutOptLiability-1",0.1968,0,0.196821,0.3953,1,1,1,1,0.678273,0.772456,,,1,,,,,0,0,0,,10.6504,9.19964,1000.13,999.207,0.15,0.449065,0.0823445,0.531409,0.339226,0.021997,0,0,1,0.725364,0,0,0,0.377082,0,-1,1,1,0,0,1,0,0,0,0
"FSA Costs Multiplier 0.5 Fee Shifting Multiplier 2 Moderately Risk Averse Noise 0.5,2","-1.1369999999999999E-13","1718","MutOptLiability-2",0.1046,0,0.104599,0.291583,1,1,1,1,0.605089,0.9,,,1,,,,,0,0,0,,10.6775,9.17246,1000.14,999.194,0.15,0.614546,0.0597627,0.674309,0.499052,0.0173043,0,0,1,0.752544,0,0,0,0.237184,0,-2,1,1,0,0,1,0,0,0,0
"FSA Costs Multiplier 0.5 Fee Shifting Multiplier 2 Moderately Risk Averse Noise 0.5,2","-1.1369999999999999E-13","1718","MutOptLiability-3",0.0433,0,0.0432502,0.215303,1,1,1,1,0.5,0.9,,,1,,,,,0,0,0,,10.625,9.225,1000.13,999.308,0.15,0.670992,0.0503263,0.721319,0.520019,0.0188724,0,0,1,0.7,0,0,0,0.134204,0,-3,1,1,0,0,1,0,0,0,0
"FSA Costs Multiplier 0.5 Fee Shifting Multiplier 2 Moderately Risk Averse Noise 0.5,2","-1.1369999999999999E-13","1718","MutOptLiability-4",0.0114,0,0.0114201,0.14814,1,1,1,1,0.5,0.9,,,1,,,,,0,0,0,,10.625,9.225,1000.13,999.308,0.15,0.719392,0.0269071,0.746299,0.557529,0.0100902,0,0,1,0.7,0,0,0,0.0717522,0,-4,1,1,0,0,1,0,0,0,0
"FSA Costs Multiplier 0.5 Fee Shifting Multiplier 2 Moderately Risk Averse Noise 0.5,2","-1.1369999999999999E-13","1718","MutOptLiability-5",0,0,0,,,,,,,,,,,,,,,,,,,,,,,,,,,,,,,,,,,,,,,,,,,,,,,
"FSA Costs Multiplier 0.5 Fee Shifting Multiplier 2 Moderately Risk Averse Noise 0.5,2","-1.1369999999999999E-13","1718","Truly Liable MutOptLiability5",0,0,0,,,,,,,,,,,,,,,,,,,,,,,,,,,,,,,,,,,,,,,,,,,,,,,
"FSA Costs Multiplier 0.5 Fee Shifting Multiplier 2 Moderately Risk Averse Noise 0.5,2","-1.1369999999999999E-13","1718","Truly Liable MutOptLiability4",0.0106,0,0.0106032,0.857361,1,1,1,1,0.9,0.1,,,0,,,,,0,0,1,0.994371,11.141,8.55901,1000.17,996.814,0.3,0.447467,0.0081621,0.455629,0.20136,0.0118351,0,0,0,,0,0,0,1,0,4,1,1,0,0,0,0,0,0.00562904,0.994371
"FSA Costs Multiplier 0.5 Fee Shifting Multiplier 2 Moderately Risk Averse Noise 0.5,2","-1.1369999999999999E-13","1718","Truly Liable MutOptLiability3",0.0374,0,0.0374469,0.80448,1,1,1,1,0.9,0.354561,,,0,,,,,0,0.636402,0.363598,0.908948,10.9538,8.84162,1000.15,998.042,0.20454,0.196452,0.0957341,0.292186,0.0705044,0.0731854,0,0,0,,0,0.636402,0,1,0,3,1,1,0,0,0,0,0.636402,0.0331062,0.330492
"FSA Costs Multiplier 0.5 Fee Shifting Multiplier 2 Moderately Risk Averse Noise 0.5,2","-1.1369999999999999E-13","1718","Truly Liable MutOptLiability2",0.0798,0,0.079791,0.766998,1,1,1,1,0.9,0.650759,,,0.530023,,,,,0,0.316851,0.153126,0.540166,10.7938,9.03324,1000.12,998.694,0.172969,0.060985,0.218616,0.279601,0.0185318,0.166057,0,0,0.530023,0.9,0,0.316851,0,1,0,2,1,1,0,0,0.530023,0,0.316851,0.0704127,0.0827137
"FSA Costs Multiplier 0.5 Fee Shifting Multiplier 2 Moderately Risk Averse Noise 0.5,2","-1.1369999999999999E-13","1718","Truly Liable MutOptLiability1",0.1226,0,0.122606,0.745529,1,1,1,1,0.87437,0.789476,,,0.787767,,,,,0.064076,0.148157,0,,10.7821,9.06785,1000.14,998.902,0.15,0.0111118,0.217853,0.228964,0.000833386,0.0990065,0,0,0.787767,0.9,0.064076,0.148157,0,1,0,1,1,1,0,0,0.787767,0.064076,0.148157,0,0
"FSA Costs Multiplier 0.5 Fee Shifting Multiplier 2 Moderately Risk Averse Noise 0.5,2","-1.1369999999999999E-13","1718","Truly Liable MutOptLiability0",0.1439,0,0.143906,0.735642,1,1,1,1,0.863639,0.853369,,,0.974323,,,,,0.0256773,0,0,,10.7758,9.0742,1000.14,998.95,0.15,0,0.224199,0.224199,0,0.0790792,0,0,0.974323,0.873223,0.0256773,0,0,1,0,0,1,1,0,0,0.974323,0.0256773,0,0,0
"FSA Costs Multiplier 0.5 Fee Shifting Multiplier 2 Moderately Risk Averse Noise 0.5,2","-1.1369999999999999E-13","1718","Truly Liable MutOptLiability-1",0.0742,0,0.0742178,0.627938,1,1,1,1,0.832527,0.880727,,,1,,,,,0,0,0,,10.7816,9.06837,1000.15,998.962,0.15,0,0.218373,0.218373,0,0.0583348,0,0,1,0.856627,0,0,0,1,0,-1,1,1,0,0,1,0,0,0,0
"FSA Costs Multiplier 0.5 Fee Shifting Multiplier 2 Moderately Risk Averse Noise 0.5,2","-1.1369999999999999E-13","1718","Truly Liable MutOptLiability-2",0.0248,0,0.0248092,0.479969,1,1,1,1,0.746064,0.9,,,1,,,,,0,0,0,,10.748,9.10197,1000.14,999.042,0.15,0,0.251968,0.251968,0,0.0729575,0,0,1,0.823032,0,0,0,1,0,-2,1,1,0,0,1,0,0,0,0
"FSA Costs Multiplier 0.5 Fee Shifting Multiplier 2 Moderately Risk Averse Noise 0.5,2","-1.1369999999999999E-13","1718","Truly Liable MutOptLiability-3",0.0058,0,0.00580432,0.342914,1,1,1,1,0.5,0.9,,,1,,,,,0,0,0,,10.625,9.225,1000.13,999.308,0.15,0,0.375,0.375,0,0.140625,0,0,1,0.7,0,0,0,1,0,-3,1,1,0,0,1,0,0,0,0
"FSA Costs Multiplier 0.5 Fee Shifting Multiplier 2 Moderately Risk Averse Noise 0.5,2","-1.1369999999999999E-13","1718","Truly Liable MutOptLiability-4",0.0008,0,0.000819419,0.219309,1,1,1,1,0.5,0.9,,,1,,,,,0,0,0,,10.625,9.225,1000.13,999.308,0.15,0,0.375,0.375,0,0.140625,0,0,1,0.7,0,0,0,1,0,-4,1,1,0,0,1,0,0,0,0
"FSA Costs Multiplier 0.5 Fee Shifting Multiplier 2 Moderately Risk Averse Noise 0.5,2","-1.1369999999999999E-13","1718","Truly Liable MutOptLiability-5",0,0,0,,,,,,,,,,,,,,,,,,,,,,,,,,,,,,,,,,,,,,,,,,,,,,,
"FSA Costs Multiplier 0.5 Fee Shifting Multiplier 2 Moderately Risk Averse Noise 0.5,2","-1.1369999999999999E-13","1718","Truly Not Liable MutOptLiability5",0,0,0,,,,,,,,,,,,,,,,,,,,,,,,,,,,,,,,,,,,,,,,,,,,,,,
"FSA Costs Multiplier 0.5 Fee Shifting Multiplier 2 Moderately Risk Averse Noise 0.5,2","-1.1369999999999999E-13","1718","Truly Not Liable MutOptLiability4",0.0008,0,0.000819611,0.780691,1,1,1,1,0.9,0.1,,,0,,,,,0,0,1,0.976778,11.1128,8.58716,1000.16,996.871,0.3,1.41633,0,1.41633,2.05368,0,0,0,0,,0,0,0,0,0,4,1,1,0,0,0,0,0,0.0232221,0.976778
"FSA Costs Multiplier 0.5 Fee Shifting Multiplier 2 Moderately Risk Averse Noise 0.5,2","-1.1369999999999999E-13","1718","Truly Not Liable MutOptLiability3",0.0058,0,0.0058044,0.657088,1,1,1,1,0.9,0.215983,,,0,,,,,0,0.289957,0.710043,0.732108,10.7804,8.96308,1000.08,997.933,0.256506,1.06546,0,1.06546,1.42802,0,0,0,0,,0,0.289957,0,0,0,3,1,1,0,0,0,0,0.289957,0.190214,0.519828
"FSA Costs Multiplier 0.5 Fee Shifting Multiplier 2 Moderately Risk Averse Noise 0.5,2","-1.1369999999999999E-13","1718","Truly Not Liable MutOptLiability2",0.0248,0,0.0248083,0.520036,1,1,1,1,0.9,0.298293,,,0.110873,,,,,0,0.273985,0.615141,0.325037,10.388,9.36973,999.98,998.867,0.242271,0.692554,0,0.692554,0.842405,0,0,0,0.110873,0.9,0,0.273985,0,0,0,2,1,1,0,0,0.110873,0,0.273985,0.415197,0.199944
"FSA Costs Multiplier 0.5 Fee Shifting Multiplier 2 Moderately Risk Averse Noise 0.5,2","-1.1369999999999999E-13","1718","Truly Not Liable MutOptLiability1",0.0742,0,0.0742179,0.372063,1,1,1,1,0.676836,0.34431,,,0.168685,,,,,0.55791,0.273405,0,,10.3502,9.49978,1000.05,999.407,0.15,0.500221,0,0.500221,0.479448,0,0,0,0.168685,0.9,0.55791,0.273405,0,0,0,1,1,1,0,0,0.168685,0.55791,0.273405,0,0
"FSA Costs Multiplier 0.5 Fee Shifting Multiplier 2 Moderately Risk Averse Noise 0.5,2","-1.1369999999999999E-13","1718","Truly Not Liable MutOptLiability0",0.1439,0,0.143905,0.264359,1,1,1,1,0.596147,0.414823,,,0.54669,,,,,0.45331,0,0,,10.2945,9.55551,1000.06,999.593,0.15,0.444492,0,0.444492,0.332327,0,0,0,0.54669,0.675871,0.45331,0,0,0,0,0,1,1,0,0,0.54669,0.45331,0,0,0
"FSA Costs Multiplier 0.5 Fee Shifting Multiplier 2 Moderately Risk Averse Noise 0.5,2","-1.1369999999999999E-13","1718","Truly Not Liable MutOptLiability-1",0.1226,0,0.122604,0.254474,1,1,1,1,0.584895,0.706915,,,1,,,,,0,0,0,,10.5709,9.2791,1000.12,999.356,0.15,0.720905,0,0.720905,0.544576,0,0,0,1,0.645905,0,0,0,0,0,-1,1,1,0,0,1,0,0,0,0
"FSA Costs Multiplier 0.5 Fee Shifting Multiplier 2 Moderately Risk Averse Noise 0.5,2","-1.1369999999999999E-13","1718","Truly Not Liable MutOptLiability-2",0.0798,0,0.0797898,0.233007,1,1,1,1,0.561255,0.9,,,1,,,,,0,0,0,,10.6556,9.19437,1000.14,999.241,0.15,0.805628,0,0.805628,0.654223,0,0,0,1,0.730628,0,0,0,0,0,-2,1,1,0,0,1,0,0,0,0
"FSA Costs Multiplier 0.5 Fee Shifting Multiplier 2 Moderately Risk Averse Noise 0.5,2","-1.1369999999999999E-13","1718","Truly Not Liable MutOptLiability-3",0.0374,0,0.0374458,0.195522,1,1,1,1,0.5,0.9,,,1,,,,,0,0,0,,10.625,9.225,1000.13,999.308,0.15,0.775,0,0.775,0.600625,0,0,0,1,0.7,0,0,0,0,0,-3,1,1,0,0,1,0,0,0,0
"FSA Costs Multiplier 0.5 Fee Shifting Multiplier 2 Moderately Risk Averse Noise 0.5,2","-1.1369999999999999E-13","1718","Truly Not Liable MutOptLiability-4",0.0106,0,0.0106007,0.142639,1,1,1,1,0.5,0.9,,,1,,,,,0,0,0,,10.625,9.225,1000.13,999.308,0.15,0.775,0,0.775,0.600625,0,0,0,1,0.7,0,0,0,0,0,-4,1,1,0,0,1,0,0,0,0
"FSA Costs Multiplier 0.5 Fee Shifting Multiplier 2 Moderately Risk Averse Noise 0.5,2","-1.1369999999999999E-13","1718","Truly Not Liable MutOptLiability-5",0,0,0,,,,,,,,,,,,,,,,,,,,,,,,,,,,,,,,,,,,,,,,,,,,,,,
"FSA Costs Multiplier 0.5 Fee Shifting Multiplier 2 Moderately Risk Averse Noise 0.5,2","-1.1369999999999999E-13","1718","High Quality",0,0,0,,,,,,,,,,,,,,,,,,,,,,,,,,,,,,,,,,,,,,,,,,,,,,,
"FSA Costs Multiplier 0.5 Fee Shifting Multiplier 2 Moderately Risk Averse Noise 0.5,2","-1.1369999999999999E-13","1718","High Quality Liable MutOptLiability5",0,0,0,,,,,,,,,,,,,,,,,,,,,,,,,,,,,,,,,,,,,,,,,,,,,,,
"FSA Costs Multiplier 0.5 Fee Shifting Multiplier 2 Moderately Risk Averse Noise 0.5,2","-1.1369999999999999E-13","1718","High Quality Liable MutOptLiability4",0,0,0,,,,,,,,,,,,,,,,,,,,,,,,,,,,,,,,,,,,,,,,,,,,,,,
"FSA Costs Multiplier 0.5 Fee Shifting Multiplier 2 Moderately Risk Averse Noise 0.5,2","-1.1369999999999999E-13","1718","High Quality Liable MutOptLiability3",0,0,0,,,,,,,,,,,,,,,,,,,,,,,,,,,,,,,,,,,,,,,,,,,,,,,
"FSA Costs Multiplier 0.5 Fee Shifting Multiplier 2 Moderately Risk Averse Noise 0.5,2","-1.1369999999999999E-13","1718","High Quality Liable MutOptLiability2",0,0,0,,,,,,,,,,,,,,,,,,,,,,,,,,,,,,,,,,,,,,,,,,,,,,,
"FSA Costs Multiplier 0.5 Fee Shifting Multiplier 2 Moderately Risk Averse Noise 0.5,2","-1.1369999999999999E-13","1718","High Quality Liable MutOptLiability1",0,0,0,,,,,,,,,,,,,,,,,,,,,,,,,,,,,,,,,,,,,,,,,,,,,,,
"FSA Costs Multiplier 0.5 Fee Shifting Multiplier 2 Moderately Risk Averse Noise 0.5,2","-1.1369999999999999E-13","1718","High Quality Liable MutOptLiability0",0,0,0,,,,,,,,,,,,,,,,,,,,,,,,,,,,,,,,,,,,,,,,,,,,,,,
"FSA Costs Multiplier 0.5 Fee Shifting Multiplier 2 Moderately Risk Averse Noise 0.5,2","-1.1369999999999999E-13","1718","High Quality Liable MutOptLiability-1",0,0,0,,,,,,,,,,,,,,,,,,,,,,,,,,,,,,,,,,,,,,,,,,,,,,,
"FSA Costs Multiplier 0.5 Fee Shifting Multiplier 2 Moderately Risk Averse Noise 0.5,2","-1.1369999999999999E-13","1718","High Quality Liable MutOptLiability-2",0,0,0,,,,,,,,,,,,,,,,,,,,,,,,,,,,,,,,,,,,,,,,,,,,,,,
"FSA Costs Multiplier 0.5 Fee Shifting Multiplier 2 Moderately Risk Averse Noise 0.5,2","-1.1369999999999999E-13","1718","High Quality Liable MutOptLiability-3",0,0,0,,,,,,,,,,,,,,,,,,,,,,,,,,,,,,,,,,,,,,,,,,,,,,,
"FSA Costs Multiplier 0.5 Fee Shifting Multiplier 2 Moderately Risk Averse Noise 0.5,2","-1.1369999999999999E-13","1718","High Quality Liable MutOptLiability-4",0,0,0,,,,,,,,,,,,,,,,,,,,,,,,,,,,,,,,,,,,,,,,,,,,,,,
"FSA Costs Multiplier 0.5 Fee Shifting Multiplier 2 Moderately Risk Averse Noise 0.5,2","-1.1369999999999999E-13","1718","High Quality Liable MutOptLiability-5",0,0,0,,,,,,,,,,,,,,,,,,,,,,,,,,,,,,,,,,,,,,,,,,,,,,,
"FSA Costs Multiplier 0.5 Fee Shifting Multiplier 2 Moderately Risk Averse Noise 0.5,2","-1.1369999999999999E-13","1718","PLiabilitySignal 1",0.2137,0,0.21366,0.12847,1,1,1,1,0.5,0.52442,,,0.67739,,,,,0.32261,0,0,,10.3404,9.50957,1000.07,999.606,0.15,0.460453,0.0374345,0.497887,0.308968,0.0289767,0,0,0.67739,0.613276,0.32261,0,0,0.0586162,0,-1.28736,1,1,0,0,0.67739,0.32261,0,0,0
"FSA Costs Multiplier 0.5 Fee Shifting Multiplier 2 Moderately Risk Averse Noise 0.5,2","-1.1369999999999999E-13","1718","PLiabilitySignal 2",0.1989,0,0.19889,0.284476,1,1,1,1,0.5,0.594316,,,0.75231,,,,,0.24769,0,0,,10.3979,9.45215,1000.09,999.549,0.15,0.440359,0.107047,0.547406,0.30486,0.0752933,0,0,0.75231,0.628532,0.24769,0,0,0.186556,0,-0.57544,1,1,0,0,0.75231,0.24769,0,0,0
"FSA Costs Multiplier 0.5 Fee Shifting Multiplier 2 Moderately Risk Averse Noise 0.5,2","-1.1369999999999999E-13","1718","PLiabilitySignal 3",0.1749,0,0.17489,0.5,1,1,1,1,0.9,0.686348,,,0.62299,,,,,0,0.21989,0.15712,0.420692,10.7524,9.07401,1000.11,998.781,0.173568,0.479922,0.111469,0.59139,0.484005,0.0781186,0,0,0.62299,0.9,0,0.21989,0,0.500001,0,-2E-05,1,1,0,0,0.62299,0,0.21989,0.0910209,0.0660991
"FSA Costs Multiplier 0.5 Fee Shifting Multiplier 2 Moderately Risk Averse Noise 0.5,2","-1.1369999999999999E-13","1718","PLiabilitySignal 4",0.1989,0,0.19889,0.715524,1,1,1,1,0.9,0.76414,,,0.74953,,,,,0,0.16129,0.08918,0.867858,10.8513,8.98537,1000.15,998.681,0.163377,0.224638,0.126699,0.351337,0.209864,0.0327427,0,0,0.74953,0.9,0,0.16129,0,0.813444,0,0.57544,1,1,0,0,0.74953,0,0.16129,0.0117844,0.0773956
"FSA Costs Multiplier 0.5 Fee Shifting Multiplier 2 Moderately Risk Averse Noise 0.5,2","-1.1369999999999999E-13","1718","PLiabilitySignal 5",0.2137,0,0.21367,0.871529,1,1,1,1,0.9,0.809468,,,0.82713,,,,,0,0.11941,0.05346,0.993109,10.8537,8.98825,1000.15,998.731,0.158019,0.0902016,0.14531,0.235511,0.0721878,0.0251091,0,0,0.82713,0.9,0,0.11941,0,0.941384,0,1.2874,1,1,0,0,0.82713,0,0.11941,0.00036841,0.0530916
"FSA Costs Multiplier 0.5 Fee Shifting Multiplier 2 Moderately Risk Averse Noise 0.5,2","-1.1369999999999999E-13","1718","DLiabilitySignal 1",0.1748,0,0.17483,0.318054,1,1,1,1,0.629585,0.1,,,0,,,,,0.676037,0,0.323963,0.676171,10.154,9.6474,999.988,999.283,0.198594,0.194531,0.1284,0.322932,0.143187,0.159545,0,0,0,,0.676037,0,0,0.274484,0,1.16183,1,1,0,0,0,0.676037,0,0.104908,0.219054
"FSA Costs Multiplier 0.5 Fee Shifting Multiplier 2 Moderately Risk Averse Noise 0.5,2","-1.1369999999999999E-13","1718","DLiabilitySignal 2",0.2123,0,0.212276,0.402082,1,1,1,1,0.680991,0.5,,,0.547523,,,,,0,0.452477,0,,10.6512,9.19876,1000.13,999.139,0.15,0.44919,0.0588814,0.508071,0.319251,0.0219716,0,0,0.547523,0.5,0,0.452477,0,0.378,0,0.548339,1,1,0,0,0.547523,0,0.452477,0,0
"FSA Costs Multiplier 0.5 Fee Shifting Multiplier 2 Moderately Risk Averse Noise 0.5,2","-1.1369999999999999E-13","1718","DLiabilitySignal 3",0.2258,0,0.225786,0.500003,1,1,1,1,0.738107,0.9,,,1,,,,,0,0,0,,10.7441,9.10595,1000.14,999.05,0.15,0.416908,0.097859,0.514767,0.351779,0.0210097,0,0,1,0.819053,0,0,0,0.500004,0,1.86726E-05,1,1,0,0,1,0,0,0,0
"FSA Costs Multiplier 0.5 Fee Shifting Multiplier 2 Moderately Risk Averse Noise 0.5,2","-1.1369999999999999E-13","1718","DLiabilitySignal 4",0.2123,0,0.212278,0.597924,1,1,1,1,0.791478,0.9,,,1,,,,,0,0,0,,10.7707,9.07926,1000.15,998.993,0.15,0.322271,0.116841,0.439112,0.278354,0.0234433,0,0,1,0.845739,0,0,0,0.622007,0,-0.548304,1,1,0,0,1,0,0,0,0
"FSA Costs Multiplier 0.5 Fee Shifting Multiplier 2 Moderately Risk Averse Noise 0.5,2","-1.1369999999999999E-13","1718","DLiabilitySignal 5",0.1748,0,0.174831,0.681953,1,1,1,1,0.833291,0.9,,,1,,,,,0,0,0,,10.7916,9.05835,1000.15,998.947,0.15,0.23991,0.132619,0.372529,0.212443,0.0253279,0,0,1,0.866645,0,0,0,0.725526,0,-1.16178,1,1,0,0,1,0,0,0,0
"FSA Costs Multiplier 0.5 Fee Shifting Multiplier 2 Moderately Risk Averse Noise 0.5,2","-1.1369999999999999E-13","1718","PDoesntFile",0,0,0,,,,,,,,,,,,,,,,,,,,,,,,,,,,,,,,,,,,,,,,,,,,,,,
"FSA Costs Multiplier 0.5 Fee Shifting Multiplier 2 Moderately Risk Averse Noise 0.5,2","-1.1369999999999999E-13","1718","P Files",1,0,1,0.500004,1,1,1,1,0.73498,0.675225,,,0.72912,,,,,0.118192,0.0960499,0.056639,0.676171,10.6352,9.20633,1000.11,999.08,0.158496,0.333848,0.105031,0.43888,0.268459,0.0467057,0,0,0.72912,0.787375,0.118192,0.0960499,0,0.500004,0,1.79226E-05,1,1,0,0,0.72912,0.118192,0.0960499,0.0183412,0.0382974
"FSA Costs Multiplier 0.5 Fee Shifting Multiplier 2 Moderately Risk Averse Noise 0.5,2","-1.1369999999999999E-13","1718","DDoesntAnswer",0,0,0,,,,,,,,,,,,,,,,,,,,,,,,,,,,,,,,,,,,,,,,,,,,,,,
"FSA Costs Multiplier 0.5 Fee Shifting Multiplier 2 Moderately Risk Averse Noise 0.5,2","-1.1369999999999999E-13","1718","D Answers",1,0,1,0.500004,1,1,1,1,0.73498,0.675225,,,0.72912,,,,,0.118192,0.0960499,0.056639,0.676171,10.6352,9.20633,1000.11,999.08,0.158496,0.333848,0.105031,0.43888,0.268459,0.0467057,0,0,0.72912,0.787375,0.118192,0.0960499,0,0.500004,0,1.79226E-05,1,1,0,0,0.72912,0.118192,0.0960499,0.0183412,0.0382974
"FSA Costs Multiplier 0.5 Fee Shifting Multiplier 2 Moderately Risk Averse Noise 0.5,2","-1.1369999999999999E-13","1718","Settles1",0.7291,0,0.72912,0.523453,1,1,1,1,0.738513,0.836238,,,1,,,,,0,0,0,,10.7124,9.13762,1000.14,999.096,0.15,0.361893,0.106343,0.468236,0.287742,0.0252823,0,0,1,0.787375,0,0,0,0.527675,0,-0.524279,1,1,0,0,1,0,0,0,0
"FSA Costs Multiplier 0.5 Fee Shifting Multiplier 2 Moderately Risk Averse Noise 0.5,2","-1.1369999999999999E-13","1718","DoesntSettle1",0.2709,0,0.27088,0.436886,1,1,1,1,0.72547,0.241834,,,0,,,,,0.436325,0.354584,0.209091,0.676171,10.4274,9.39125,1000.05,999.035,0.181364,0.258363,0.101499,0.359862,0.216558,0.10437,0,0,0,,0.436325,0.354584,0,0.425525,0,1.41125,1,1,0,0,0,0.436325,0.354584,0.0677095,0.141381
"FSA Costs Multiplier 0.5 Fee Shifting Multiplier 2 Moderately Risk Averse Noise 0.5,2","-1.1369999999999999E-13","1718","PAbandons1",0.1182,0,0.118192,0.178386,1,1,1,1,0.5,0.1,,,0,,,,,1,0,0,,9.925,9.925,999.97,999.97,0.15,0.06767,0.105063,0.172733,0.00507525,0.112943,0,0,0,,1,0,0,0.097733,0,0.416806,1,1,0,0,0,1,0,0,0
"FSA Costs Multiplier 0.5 Fee Shifting Multiplier 2 Moderately Risk Averse Noise 0.5,2","-1.1369999999999999E-13","1718","PDoesntAbandon1",0.1527,0,0.152688,0.636983,1,1,1,1,0.9,0.351623,,,0,,,,,0,0.629058,0.370942,0.676171,10.8163,8.97809,1000.11,998.312,0.205641,0.405973,0.0987406,0.504713,0.380261,0.0977345,0,0,0,,0,0.629058,0,0.67926,0,2.18102,1,1,0,0,0,0,0.629058,0.120122,0.25082
"FSA Costs Multiplier 0.5 Fee Shifting Multiplier 2 Moderately Risk Averse Noise 0.5,2","-1.1369999999999999E-13","1718","DDefaults1",0.096,0,0.0960499,0.653183,1,1,1,1,0.9,0.5,,,0,,,,,0,1,0,,10.925,8.925,1000.16,998.585,0.15,0.374549,0.0525338,0.427083,0.350107,0.00394004,0,0,0,,0,1,0,0.700451,0,1.86526,1,1,0,0,0,0,1,0,0
"FSA Costs Multiplier 0.5 Fee Shifting Multiplier 2 Moderately Risk Averse Noise 0.5,2","-1.1369999999999999E-13","1718","DDoesntDefault1",0.0566,0,0.0566385,0.609511,1,1,1,1,0.9,0.1,,,0,,,,,0,0,1,0.676171,10.6319,9.06813,1000.03,997.849,0.3,0.459262,0.1771,0.636362,0.431397,0.256795,0,0,0,,0,0,0,0.643324,0,2.71652,1,1,0,0,0,0,0,0.323829,0.676171
"FSA Costs Multiplier 0.5 Fee Shifting Multiplier 2 Moderately Risk Averse Noise 0.5,2","-1.1369999999999999E-13","1718","POrDQuits1",0.2142,0,0.214242,0.391249,1,1,1,1,0.67933,0.27933,,,0,,,,,0.551675,0.448325,0,,10.3733,9.47668,1000.05,999.349,0.15,0.205252,0.0815128,0.286764,0.159761,0.0640741,0,0,0,,0.551675,0.448325,0,0.367946,0,1.06618,1,1,0,0,0,0.551675,0.448325,0,0
"FSA Costs Multiplier 0.5 Fee Shifting Multiplier 2 Moderately Risk Averse Noise 0.5,2","-1.1369999999999999E-13","1718","P Loses",0.0183,0,0.0183412,0.424865,1,1,1,1,0.9,0.1,,,0,,,,,0,0,1,0,9.55,10.15,999.728,1000.05,0.3,0,0.546894,0.546894,0,0.792996,0,0,0,,0,0,0,0.377168,0,2.13637,1,1,0,0,0,0,0,1,0
"FSA Costs Multiplier 0.5 Fee Shifting Multiplier 2 Moderately Risk Averse Noise 0.5,2","-1.1369999999999999E-13","1718","P Wins",0.0383,0,0.0382974,0.697941,1,1,1,1,0.9,0.1,,,0,,,,,0,0,1,1,11.15,8.55,1000.17,996.796,0.3,0.67921,0,0.67921,0.637999,0,0,0,0,,0,0,0,0.77079,0,2.99436,1,1,0,0,0,0,0,0,1
